SignalDate,Code,Name,Source_D10_Top20,Source_ReLaunch,D10Rank,D10ExplosionScore,ReLaunchTracks,R0_BASE_ONSET,R1_CCI_ONSET,R2_J_ONSET,R3_EITHER_ONSET,R4_BOTH_ONSET
2026-09-04,0050,元大台灣50,False,True,,,R0_BASE|R1_CCI|R2_J|R3_EITHER|R4_BOTH,True,True,True,True,True
2026-09-04,0052,富邦科技,False,True,,,R0_BASE|R1_CCI|R2_J|R3_EITHER|R4_BOTH,True,True,True,True,True
2026-09-04,0053,元大電子,False,True,,,R0_BASE|R1_CCI|R2_J|R3_EITHER|R4_BOTH,True,True,True,True,True
2026-09-04,0056,元大高股息,False,True,,,R0_BASE|R2_J|R3_EITHER,True,False,True,True,False
2026-09-04,0057,富邦摩台,False,True,,,R0_BASE|R1_CCI|R2_J|R3_EITHER|R4_BOTH,True,True,True,True,True
2026-09-04,1213,大飲,False,True,,,R0_BASE|R1_CCI|R2_J|R3_EITHER|R4_BOTH,True,True,True,True,True
2026-09-04,1457,宜進,False,True,,,R0_BASE|R2_J|R3_EITHER,True,False,True,True,False
2026-09-04,1472,三洋實業,False,True,,,R0_BASE|R1_CCI|R2_J|R3_EITHER|R4_BOTH,True,True,True,True,True
2026-09-04,1503,士電,False,True,,,R0_BASE|R1_CCI|R2_J|R3_EITHER|R4_BOTH,True,True,True,True,True
2026-09-04,1569,濱川,False,True,,,R0_BASE|R1_CCI|R2_J|R3_EITHER|R4_BOTH,True,True,True,True,True
2026-09-04,1597,直得,True,True,20.0,0.25929233,R0_BASE|R1_CCI|R2_J|R3_EITHER|R4_BOTH,True,True,True,True,True
2026-09-04,1708,東鹼,False,True,,,R0_BASE|R2_J|R3_EITHER,True,False,True,True,False
2026-09-04,1725,元禎,False,True,,,R0_BASE|R1_CCI|R2_J|R3_EITHER|R4_BOTH,True,True,True,True,True
2026-09-04,2033,佳大,True,False,10.0,0.26673353,,False,False,False,False,False
2026-09-04,2034,允強,False,True,,,R0_BASE,True,False,False,False,False
2026-09-04,2207,和泰車,False,True,,,R0_BASE,True,False,False,False,False
2026-09-04,2241,艾姆勒,False,True,,,R0_BASE|R1_CCI|R2_J|R3_EITHER|R4_BOTH,True,True,True,True,True
2026-09-04,2303,聯電,False,True,,,R0_BASE|R1_CCI|R3_EITHER,True,True,False,True,False
2026-09-04,2305,全友,False,True,,,R0_BASE|R1_CCI|R3_EITHER,True,True,False,True,False
2026-09-04,2308,台達電,False,True,,,R0_BASE|R1_CCI|R3_EITHER,True,True,False,True,False
2026-09-04,2312,金寶,False,True,,,R0_BASE|R1_CCI|R2_J|R3_EITHER|R4_BOTH,True,True,True,True,True
2026-09-04,2317,鴻海,False,True,,,R0_BASE|R1_CCI|R2_J|R3_EITHER|R4_BOTH,True,True,True,True,True
2026-09-04,2330,台積電,False,True,,,R0_BASE|R1_CCI|R3_EITHER,True,True,False,True,False
2026-09-04,2353,宏碁,False,True,,,R0_BASE|R1_CCI|R2_J|R3_EITHER|R4_BOTH,True,True,True,True,True
2026-09-04,2357,華碩,False,True,,,R0_BASE|R1_CCI|R2_J|R3_EITHER|R4_BOTH,True,True,True,True,True
2026-09-04,2376,技嘉,False,True,,,R0_BASE|R1_CCI|R2_J|R3_EITHER|R4_BOTH,True,True,True,True,True
2026-09-04,2377,微星,False,True,,,R0_BASE|R1_CCI|R2_J|R3_EITHER|R4_BOTH,True,True,True,True,True
2026-09-04,2382,廣達,False,True,,,R0_BASE|R1_CCI|R2_J|R3_EITHER|R4_BOTH,True,True,True,True,True
2026-09-04,2385,群光,False,True,,,R0_BASE|R1_CCI|R2_J|R3_EITHER|R4_BOTH,True,True,True,True,True
2026-09-04,2388,威盛,True,True,14.0,0.2620299,R0_BASE|R2_J|R3_EITHER,True,False,True,True,False
2026-09-04,2413,環科,False,True,,,R0_BASE|R1_CCI|R2_J|R3_EITHER|R4_BOTH,True,True,True,True,True
2026-09-04,2421,建準,False,True,,,R0_BASE|R1_CCI|R3_EITHER,True,True,False,True,False
2026-09-04,2426,鼎元,True,False,15.0,0.26158023,,False,False,False,False,False
2026-09-04,2428,興勤,False,True,,,R0_BASE|R1_CCI|R2_J|R3_EITHER|R4_BOTH,True,True,True,True,True
2026-09-04,2434,統懋,False,True,,,R0_BASE,True,False,False,False,False
2026-09-04,2477,美隆電,False,True,,,R0_BASE|R1_CCI|R3_EITHER,True,True,False,True,False
2026-09-04,2515,中工,False,True,,,R0_BASE|R1_CCI|R2_J|R3_EITHER|R4_BOTH,True,True,True,True,True
2026-09-04,2530,華建,False,True,,,R0_BASE,True,False,False,False,False
2026-09-04,2545,皇翔,False,True,,,R0_BASE,True,False,False,False,False
2026-09-04,2881,富邦金,False,True,,,R0_BASE,True,False,False,False,False
2026-09-04,2924,宏太-KY,False,True,,,R0_BASE|R1_CCI|R2_J|R3_EITHER|R4_BOTH,True,True,True,True,True
2026-09-04,2939,永邑-KY,False,True,,,R0_BASE|R2_J|R3_EITHER,True,False,True,True,False
2026-09-04,3008,大立光,True,False,11.0,0.2655969,,False,False,False,False,False
2026-09-04,3017,奇鋐,True,True,16.0,0.26091215,R0_BASE|R1_CCI|R3_EITHER,True,True,False,True,False
2026-09-04,3021,鴻名,True,True,6.0,0.27274022,R0_BASE,True,False,False,False,False
2026-09-04,3023,信邦,False,True,,,R0_BASE|R2_J|R3_EITHER,True,False,True,True,False
2026-09-04,3026,禾伸堂,False,True,,,R0_BASE|R1_CCI|R2_J|R3_EITHER|R4_BOTH,True,True,True,True,True
2026-09-04,3094,聯傑,True,False,2.0,0.2825883,,False,False,False,False,False
2026-09-04,3167,大量,False,True,,,R0_BASE|R1_CCI|R2_J|R3_EITHER|R4_BOTH,True,True,True,True,True
2026-09-04,3168,眾福科,False,True,,,R0_BASE,True,False,False,False,False
2026-09-04,3188,鑫龍騰,False,True,,,R0_BASE|R1_CCI|R2_J|R3_EITHER|R4_BOTH,True,True,True,True,True
2026-09-04,3272,東碩,False,True,,,R0_BASE,True,False,False,False,False
2026-09-04,3306,鼎天,False,True,,,R0_BASE|R1_CCI|R2_J|R3_EITHER|R4_BOTH,True,True,True,True,True
2026-09-04,3324,雙鴻,True,True,12.0,0.26460204,R0_BASE|R2_J|R3_EITHER,True,False,True,True,False
2026-09-04,3362,先進光,False,True,,,R0_BASE|R1_CCI|R2_J|R3_EITHER|R4_BOTH,True,True,True,True,True
2026-09-04,3374,精材,False,True,,,R0_BASE|R1_CCI|R2_J|R3_EITHER|R4_BOTH,True,True,True,True,True
2026-09-04,3380,明泰,False,True,,,R0_BASE|R2_J|R3_EITHER,True,False,True,True,False
2026-09-04,3406,玉晶光,True,False,8.0,0.2679738,,False,False,False,False,False
2026-09-04,3437,榮創,False,True,,,R0_BASE|R1_CCI|R2_J|R3_EITHER|R4_BOTH,True,True,True,True,True
2026-09-04,3441,聯一光,True,False,9.0,0.26797065,,False,False,False,False,False
2026-09-04,3483,力致,False,True,,,R0_BASE|R2_J|R3_EITHER,True,False,True,True,False
2026-09-04,3491,昇達科,False,True,,,R0_BASE|R1_CCI|R2_J|R3_EITHER|R4_BOTH,True,True,True,True,True
2026-09-04,3515,華擎,False,True,,,R0_BASE|R2_J|R3_EITHER,True,False,True,True,False
2026-09-04,3516,亞帝歐,False,True,,,R0_BASE,True,False,False,False,False
2026-09-04,3532,台勝科,True,False,7.0,0.26873076,,False,False,False,False,False
2026-09-04,3551,世禾,False,True,,,R0_BASE|R1_CCI|R2_J|R3_EITHER|R4_BOTH,True,True,True,True,True
2026-09-04,3580,友威科,False,True,,,R0_BASE|R2_J|R3_EITHER,True,False,True,True,False
2026-09-04,3591,艾笛森,False,True,,,R0_BASE|R2_J|R3_EITHER,True,False,True,True,False
2026-09-04,3624,光頡,False,True,,,R0_BASE|R1_CCI|R2_J|R3_EITHER|R4_BOTH,True,True,True,True,True
2026-09-04,3628,盈正,False,True,,,R0_BASE|R1_CCI|R2_J|R3_EITHER|R4_BOTH,True,True,True,True,True
2026-09-04,3630,新鉅科,False,True,,,R0_BASE|R1_CCI|R2_J|R3_EITHER|R4_BOTH,True,True,True,True,True
2026-09-04,3653,健策,True,False,3.0,0.27760494,,False,False,False,False,False
2026-09-04,3661,世芯-KY,False,True,,,R0_BASE|R1_CCI|R2_J|R3_EITHER|R4_BOTH,True,True,True,True,True
2026-09-04,3675,德微,False,True,,,R0_BASE,True,False,False,False,False
2026-09-04,3684,榮昌,False,True,,,R0_BASE,True,False,False,False,False
2026-09-04,3693,營邦,True,False,13.0,0.26241085,,False,False,False,False,False
2026-09-04,3701,大眾控,False,True,,,R0_BASE|R1_CCI|R2_J|R3_EITHER|R4_BOTH,True,True,True,True,True
2026-09-04,3714,富采,False,True,,,R0_BASE|R2_J|R3_EITHER,True,False,True,True,False
2026-09-04,4166,友霖,False,True,,,R0_BASE|R2_J|R3_EITHER,True,False,True,True,False
2026-09-04,4198,欣大健康,False,True,,,R0_BASE|R2_J|R3_EITHER,True,False,True,True,False
2026-09-04,4419,皇家美食,False,True,,,R0_BASE,True,False,False,False,False
2026-09-04,4420,光明,False,True,,,R0_BASE|R2_J|R3_EITHER,True,False,True,True,False
2026-09-04,4440,宜新實業,False,True,,,R0_BASE,True,False,False,False,False
2026-09-04,4569,六方科-KY,False,True,,,R0_BASE|R1_CCI|R2_J|R3_EITHER|R4_BOTH,True,True,True,True,True
2026-09-04,4576,大銀微系統,False,True,,,R0_BASE|R2_J|R3_EITHER,True,False,True,True,False
2026-09-04,4590,富田-創,False,True,,,R0_BASE|R2_J|R3_EITHER,True,False,True,True,False
2026-09-04,4737,華廣,False,True,,,R0_BASE,True,False,False,False,False
2026-09-04,4763,材料*-KY,False,True,,,R0_BASE|R2_J|R3_EITHER,True,False,True,True,False
2026-09-04,4767,誠泰科技,False,True,,,R0_BASE|R1_CCI|R2_J|R3_EITHER|R4_BOTH,True,True,True,True,True
2026-09-04,4938,和碩,False,True,,,R0_BASE|R1_CCI|R2_J|R3_EITHER|R4_BOTH,True,True,True,True,True
2026-09-04,4956,光鋐,False,True,,,R0_BASE|R1_CCI|R2_J|R3_EITHER|R4_BOTH,True,True,True,True,True
2026-09-04,4974,亞泰,False,True,,,R0_BASE|R1_CCI|R2_J|R3_EITHER|R4_BOTH,True,True,True,True,True
2026-09-04,4977,眾達-KY,False,True,,,R0_BASE|R1_CCI|R2_J|R3_EITHER|R4_BOTH,True,True,True,True,True
2026-09-04,4979,華星光,False,True,,,R0_BASE|R1_CCI|R2_J|R3_EITHER|R4_BOTH,True,True,True,True,True
2026-09-04,5210,寶碩,False,True,,,R0_BASE|R2_J|R3_EITHER,True,False,True,True,False
2026-09-04,5263,智崴,False,True,,,R0_BASE|R1_CCI|R3_EITHER,True,True,False,True,False
2026-09-04,5403,中菲,False,True,,,R0_BASE|R1_CCI|R3_EITHER,True,True,False,True,False
2026-09-04,5434,崇越,False,True,,,R0_BASE|R1_CCI|R2_J|R3_EITHER|R4_BOTH,True,True,True,True,True
2026-09-04,5864,致和證,False,True,,,R0_BASE,True,False,False,False,False
2026-09-04,6015,宏遠證,False,True,,,R0_BASE,True,False,False,False,False
2026-09-04,6016,康和證,False,True,,,R0_BASE,True,False,False,False,False
2026-09-04,6021,美好證,False,True,,,R0_BASE,True,False,False,False,False
2026-09-04,6024,群益期,False,True,,,R0_BASE,True,False,False,False,False
2026-09-04,6112,邁達特,False,True,,,R0_BASE|R1_CCI|R2_J|R3_EITHER|R4_BOTH,True,True,True,True,True
2026-09-04,6134,萬旭,False,True,,,R0_BASE|R1_CCI|R2_J|R3_EITHER|R4_BOTH,True,True,True,True,True
2026-09-04,6168,宏齊,False,True,,,R0_BASE,True,False,False,False,False
2026-09-04,6170,統振,False,True,,,R0_BASE|R2_J|R3_EITHER,True,False,True,True,False
2026-09-04,6197,佳必琪,False,True,,,R0_BASE|R1_CCI|R2_J|R3_EITHER|R4_BOTH,True,True,True,True,True
2026-09-04,6204,艾華,False,True,,,R0_BASE|R1_CCI|R2_J|R3_EITHER|R4_BOTH,True,True,True,True,True
2026-09-04,6224,聚鼎,False,True,,,R0_BASE|R2_J|R3_EITHER,True,False,True,True,False
2026-09-04,6271,同欣電,False,True,,,R0_BASE|R1_CCI|R2_J|R3_EITHER|R4_BOTH,True,True,True,True,True
2026-09-04,6275,元山,False,True,,,R0_BASE|R1_CCI|R2_J|R3_EITHER|R4_BOTH,True,True,True,True,True
2026-09-04,6276,安鈦克,False,True,,,R0_BASE|R1_CCI|R2_J|R3_EITHER|R4_BOTH,True,True,True,True,True
2026-09-04,6290,良維,False,True,,,R0_BASE|R1_CCI|R2_J|R3_EITHER|R4_BOTH,True,True,True,True,True
2026-09-04,6423,億而得,False,True,,,R0_BASE|R2_J|R3_EITHER,True,False,True,True,False
2026-09-04,6462,神盾,False,True,,,R0_BASE|R1_CCI|R2_J|R3_EITHER|R4_BOTH,True,True,True,True,True
2026-09-04,6494,九齊,False,True,,,R0_BASE|R2_J|R3_EITHER,True,False,True,True,False
2026-09-04,6505,台塑化,False,True,,,R0_BASE|R2_J|R3_EITHER,True,False,True,True,False
2026-09-04,6538,倉和,True,False,19.0,0.25950688,,False,False,False,False,False
2026-09-04,6548,長科*,False,True,,,R0_BASE|R1_CCI|R2_J|R3_EITHER|R4_BOTH,True,True,True,True,True
2026-09-04,6620,漢達,False,True,,,R0_BASE,True,False,False,False,False
2026-09-04,6640,均華,False,True,,,R0_BASE|R1_CCI|R2_J|R3_EITHER|R4_BOTH,True,True,True,True,True
2026-09-04,6642,富致,False,True,,,R0_BASE,True,False,False,False,False
2026-09-04,6671,三能-KY,False,True,,,R0_BASE,True,False,False,False,False
2026-09-04,6693,廣閎科,False,True,,,R0_BASE,True,False,False,False,False
2026-09-04,6706,惠特,False,True,,,R0_BASE|R2_J|R3_EITHER,True,False,True,True,False
2026-09-04,6781,AES-KY,False,True,,,R0_BASE|R1_CCI|R2_J|R3_EITHER|R4_BOTH,True,True,True,True,True
2026-09-04,6792,詠業,False,True,,,R0_BASE,True,False,False,False,False
2026-09-04,6859,伯特光,False,True,,,R0_BASE|R1_CCI|R2_J|R3_EITHER|R4_BOTH,True,True,True,True,True
2026-09-04,6872,浩宇生醫,False,True,,,R0_BASE,True,False,False,False,False
2026-09-04,6887,寶綠特-KY,False,True,,,R0_BASE|R1_CCI|R2_J|R3_EITHER|R4_BOTH,True,True,True,True,True
2026-09-04,6924,榮惠-KY創,False,True,,,R0_BASE|R2_J|R3_EITHER,True,False,True,True,False
2026-09-04,6933,AMAX-KY,True,False,4.0,0.2773682,,False,False,False,False,False
2026-09-04,7584,樂意,False,True,,,R0_BASE|R1_CCI|R2_J|R3_EITHER|R4_BOTH,True,True,True,True,True
2026-09-04,7709,榮田,False,True,,,R0_BASE|R1_CCI|R2_J|R3_EITHER|R4_BOTH,True,True,True,True,True
2026-09-04,7711,永擎,True,True,5.0,0.27386764,R0_BASE|R1_CCI|R2_J|R3_EITHER|R4_BOTH,True,True,True,True,True
2026-09-04,7717,萊德光電-KY,False,True,,,R0_BASE|R1_CCI|R2_J|R3_EITHER|R4_BOTH,True,True,True,True,True
2026-09-04,7744,崴寶,False,True,,,R0_BASE|R2_J|R3_EITHER,True,False,True,True,False
2026-09-04,7750,新代,True,False,18.0,0.25976926,,False,False,False,False,False
2026-09-04,7772,耀穎,True,True,1.0,0.2875214,R0_BASE,True,False,False,False,False
2026-09-04,7788,松川精密,False,True,,,R0_BASE|R1_CCI|R2_J|R3_EITHER|R4_BOTH,True,True,True,True,True
2026-09-04,7811,民盛,False,True,,,R0_BASE|R2_J|R3_EITHER,True,False,True,True,False
2026-09-04,7828,創新服務,False,True,,,R0_BASE|R2_J|R3_EITHER,True,False,True,True,False
2026-09-04,8064,東捷,False,True,,,R0_BASE|R2_J|R3_EITHER,True,False,True,True,False
2026-09-04,8070,長華*,False,True,,,R0_BASE|R1_CCI|R2_J|R3_EITHER|R4_BOTH,True,True,True,True,True
2026-09-04,8103,瀚荃,True,False,17.0,0.25978374,,False,False,False,False,False
2026-09-04,8147,正淩,False,True,,,R0_BASE,True,False,False,False,False
2026-09-04,8240,華宏,False,True,,,R0_BASE|R2_J|R3_EITHER,True,False,True,True,False
2026-09-04,8432,東生華,False,True,,,R0_BASE|R1_CCI|R2_J|R3_EITHER|R4_BOTH,True,True,True,True,True
2026-09-04,8481,政伸,False,True,,,R0_BASE|R1_CCI|R2_J|R3_EITHER|R4_BOTH,True,True,True,True,True
2026-09-04,8488,吉源-KY,False,True,,,R0_BASE|R1_CCI|R2_J|R3_EITHER|R4_BOTH,True,True,True,True,True
2026-09-04,8996,高力,False,True,,,R0_BASE|R1_CCI|R2_J|R3_EITHER|R4_BOTH,True,True,True,True,True
2026-09-04,9105,泰金寶-DR,False,True,,,R0_BASE,True,False,False,False,False
