SignalDate,Code,Name,Close,EMA9,EMA20,EMA_GAP_PCT,EMA9_DELTA_PCT,EMA20_DELTA_PCT,MACD_HIST,MACD_ACCEL1,MACD_ACCEL2,CCI20,CCI20_DELTA1,CCI_TURN,J,J_DELTA1,J_TURN,PULLBACK_RECOVERY,BB_CONTRACT,R0_BASE_ONSET,R1_CCI_ONSET,R2_J_ONSET,R3_EITHER_ONSET,R4_BOTH_ONSET,TrackFlags
2026-09-04,0050,元大台灣50,107.9000015258789,106.56231470259212,105.55478305131618,0.9545106551790417,0.3148153431150824,0.23442216634244062,0.2147482093439614,0.0314338456925872,0.12768760248572938,108.10095254306505,41.52192612361702,True,116.93133418831039,86.77271936442583,True,True,1,True,True,True,True,True,R0_BASE|R1_CCI|R2_J|R3_EITHER|R4_BOTH
2026-09-04,0052,富邦科技,62.70000076293945,61.992736616212305,61.478427690601514,0.8365681181684126,0.28603640457689483,0.2095957169403473,0.1033423229243332,0.019781130551521794,0.0873149249760664,92.55194905911132,56.697787402925826,True,115.52523537045258,96.80387392330539,True,True,1,True,True,True,True,True,R0_BASE|R1_CCI|R2_J|R3_EITHER|R4_BOTH
2026-09-04,0053,元大電子,243.6499938964844,241.6297915584875,239.4288235765819,0.9192577355673359,0.2094561439274667,0.18592575532712097,0.1716830530455566,0.02515302471398989,0.3416754479753434,67.43696690278651,43.87321481275032,True,99.99993415839484,88.34952543016803,True,True,1,True,True,True,True,True,R0_BASE|R1_CCI|R2_J|R3_EITHER|R4_BOTH
2026-09-04,0056,元大高股息,55.400001525878906,54.293323377938684,53.34682503366446,1.7742355682403455,0.5121930318003232,0.40677769431871624,0.2122592850787259,0.012033580977861197,0.05722851170292978,137.82404000314952,-0.7824452215112387,False,101.95851051816462,63.51282577032214,True,True,1,True,False,True,True,False,R0_BASE|R2_J|R3_EITHER
2026-09-04,0057,富邦摩台,321.6000061035156,318.2215684124486,315.2129826933662,0.9544612323310053,0.2661218462283621,0.21374605248500878,0.5038339132183216,0.05175785644384412,0.28512438452412026,100.85016978127918,34.78736994730407,True,115.09986471400413,69.8006763140537,True,True,1,True,True,True,True,True,R0_BASE|R1_CCI|R2_J|R3_EITHER|R4_BOTH
2026-09-04,1213,大飲,7.699999809265137,7.493485046248636,7.452910480326345,0.544412361176172,0.6937609151244528,0.35020532487977096,0.0479135128328624,0.010902635731716202,0.014610012250644705,55.90286188950073,56.815335274062164,True,71.09372807510985,51.30211340729774,True,True,1,True,True,True,True,True,R0_BASE|R1_CCI|R2_J|R3_EITHER|R4_BOTH
2026-09-04,1457,宜進,14.5,14.424696675387652,14.3894780865513,0.24475237131267313,0.13068165997491832,0.08091536856014159,0.0058878953466625,0.0043047826040001,0.007052332654512401,77.21724444780499,22.46684424535718,False,128.88898496270144,77.77802502651889,True,True,1,True,False,True,True,False,R0_BASE|R2_J|R3_EITHER
2026-09-04,1472,三洋實業,89.9000015258789,88.92806362856072,88.80063924745835,0.14349489168348217,0.2739857444418403,0.13048706492480022,0.0979160450465286,0.07476872780982619,0.12735109203673628,145.25396574772807,172.45528358889177,True,113.12751709917552,94.08002780302273,True,True,0,True,True,True,True,True,R0_BASE|R1_CCI|R2_J|R3_EITHER|R4_BOTH
2026-09-04,1503,士電,207.5,204.34128605307097,203.10403500741643,0.609171081022275,0.3879500123696644,0.228350860801263,1.0266064869059348,0.08759396049487822,0.5435484046117678,87.93456032719862,36.388168574621325,True,89.16666666666664,101.98717948717947,True,True,1,True,True,True,True,True,R0_BASE|R1_CCI|R2_J|R3_EITHER|R4_BOTH
2026-09-04,1569,濱川,48.70000076293945,46.26933757961348,45.099301969467064,2.5943541453004038,1.3308005863406303,0.8475369939136224,0.4625867828873971,0.09577736717398067,0.24232370467758801,141.93551507950846,45.63874894122287,True,132.6205791063285,134.858799406311,True,True,1,True,True,True,True,True,R0_BASE|R1_CCI|R2_J|R3_EITHER|R4_BOTH
2026-09-04,1597,直得,155.0,145.34087770279027,141.82305430865685,2.4804312749303836,1.6895308994071323,0.9876718518413874,1.412960047216785,0.5180080513064167,0.6670462692239896,118.72415829887798,47.265954606698145,True,118.39716557041214,75.49069210279606,True,True,1,True,True,True,True,True,R0_BASE|R1_CCI|R2_J|R3_EITHER|R4_BOTH
2026-09-04,1708,東鹼,51.20000076293945,50.72136770469588,50.55389510515408,0.33127536304264904,0.2364707949292999,0.13471314455872907,0.1828958708927407,0.008450460660781006,0.04403496737477061,82.43740862219447,-6.693928961620799,False,69.42803897111332,29.09248231741701,True,True,1,True,False,True,True,False,R0_BASE|R2_J|R3_EITHER
2026-09-04,1725,元禎,32.0,31.503712683431335,31.212337315679076,0.9335262681718248,0.3953895766949378,0.26634562089662417,0.0928307218773908,0.016882086715970204,0.047778708988388,133.4310897826116,78.93136312419958,True,103.84609459420803,64.74354601001063,True,True,1,True,True,True,True,True,R0_BASE|R1_CCI|R2_J|R3_EITHER|R4_BOTH
2026-09-04,2034,允強,21.100000381469727,20.586371278678595,20.310845137064877,1.3565469075972336,0.6276640025325797,0.410667848120716,0.067247919728271,0.022649710561517405,0.025835806557905405,168.15742839873002,50.68105651530402,False,133.33333333333334,42.307756262220494,False,True,1,True,False,False,False,False,R0_BASE
2026-09-04,2207,和泰車,539.0,522.5548485634818,518.1344213290174,0.853142939842888,0.7930058680917895,0.42570551349772057,0.4240106432336183,1.271925513175428,1.0749427651736971,210.4675817431094,147.16791844344502,False,166.66666666666666,92.85714285714285,False,True,1,True,False,False,False,False,R0_BASE
2026-09-04,2241,艾姆勒,35.349998474121094,34.575515444107936,34.444123047780224,0.3814653551941216,0.5631474334621966,0.27760910888672274,0.3000472075789913,0.026647500679507385,0.0809446079493043,110.53171362236607,75.30698477368489,True,111.7020872215862,51.77297567697032,True,True,1,True,True,True,True,True,R0_BASE|R1_CCI|R2_J|R3_EITHER|R4_BOTH
2026-09-04,2303,聯電,130.0,126.42838399672647,125.2994497621328,0.9009889801885329,0.7112762072104983,0.39645537410424314,1.618980533821937,0.041315802811504376,0.3838110110522537,119.67078189300364,56.97433855139875,True,97.95918367346933,68.02721088435375,False,True,1,True,True,False,True,False,R0_BASE|R1_CCI|R3_EITHER
2026-09-04,2305,全友,30.850000381469727,29.68755110458938,29.416947163426027,0.9198913118346752,0.9885802101432528,0.515434957049643,0.4450911814270863,0.029748767482317806,0.032511196645099605,100.98526557841606,23.468010869588966,True,99.73120735703469,22.311819769877303,False,True,1,True,True,False,True,False,R0_BASE|R1_CCI|R3_EITHER
2026-09-04,2308,台達電,1825.0,1790.9747682625825,1783.2927453211396,0.4307774459128222,0.4772206703050452,0.2467947127460013,6.70083330776795,2.0385022527733385,5.120901390572077,29.333333333333623,62.09361529489334,True,124.38095238095237,108.66666666666666,False,True,1,True,True,False,True,False,R0_BASE|R1_CCI|R3_EITHER
2026-09-04,2312,金寶,32.849998474121094,32.36533052931084,32.24967696969161,0.3586192808316069,0.3757795919890228,0.19633003371486435,0.1217263395144995,0.023064334053240695,0.08676278405139239,26.680214824046647,21.52496501450058,True,98.32782367625698,103.92527753246772,True,True,1,True,True,True,True,True,R0_BASE|R1_CCI|R2_J|R3_EITHER|R4_BOTH
2026-09-04,2317,鴻海,256.0,251.4472324607352,251.2451550869725,0.08043035643523488,0.454714652813748,0.1996094435648521,0.2076646627445595,0.4131138828772236,0.6383846145709353,12.189154321811307,49.513803620408154,True,166.78639262724573,135.99069587753323,True,True,1,True,True,True,True,True,R0_BASE|R1_CCI|R2_J|R3_EITHER|R4_BOTH
2026-09-04,2330,台積電,2410.0,2403.2896903748942,2396.2100021716087,0.29545357864584343,0.0698521379542516,0.060614828809546495,0.049701376243938,0.1764159477614431,1.8186439232015739,30.746156730407176,59.23002188274244,True,95.45454545454551,72.72727272727272,False,True,1,True,True,False,True,False,R0_BASE|R1_CCI|R3_EITHER
2026-09-04,2353,宏碁,32.70000076293945,31.658302760999447,31.30415096260575,1.13132535942837,0.8294334359927324,0.47158109978135965,0.1498141304039805,0.058685305852748504,0.1035764974753092,185.14328553522478,103.14683381485207,True,131.4780773787213,106.24099973599114,True,True,1,True,True,True,True,True,R0_BASE|R1_CCI|R2_J|R3_EITHER|R4_BOTH
2026-09-04,2357,華碩,1025.0,982.5619748751283,938.565470915952,4.687632916672269,1.0915663701710043,0.9788804238554993,1.790559046263887,0.8752364900153325,4.162743856944594,111.09467455621305,30.286593748132347,True,125.93507283725256,105.0395504491928,True,True,1,True,True,True,True,True,R0_BASE|R1_CCI|R2_J|R3_EITHER|R4_BOTH
2026-09-04,2376,技嘉,361.0,354.99050625901117,352.51027495437484,0.7035912087831608,0.42501382528625786,0.2541561513097701,0.2035804260420151,0.3938367545301187,0.8100471846644995,22.001495247249842,22.107416230196467,True,129.80764695645672,103.3447505850935,True,True,1,True,True,True,True,True,R0_BASE|R1_CCI|R2_J|R3_EITHER|R4_BOTH
2026-09-04,2377,微星,161.5,152.54879583861,150.55658790677134,1.323228667398002,1.4887806732640785,0.7710189185428762,0.8721220667129352,0.6207795481296252,0.7169343823203056,81.34790048703432,46.10560973813576,True,151.15891200997586,95.37993920972642,True,True,1,True,True,True,True,True,R0_BASE|R1_CCI|R2_J|R3_EITHER|R4_BOTH
2026-09-04,2382,廣達,345.0,336.20298153142227,331.47216596324563,1.42721352015458,0.6584521189216819,0.4314468619014411,2.464006031404234,0.19964736807465844,0.7061463130653549,155.86082937475925,62.3073702552622,True,117.78623313732268,74.18079096045193,True,True,1,True,True,True,True,True,R0_BASE|R1_CCI|R2_J|R3_EITHER|R4_BOTH
2026-09-04,2385,群光,110.5,107.97219193717854,107.04133800506936,0.8696209795743481,0.5887372863780493,0.3412814083128435,0.5122635063442729,0.11763446007747796,0.20286039421559937,167.0886075949366,63.24397818550382,True,122.53968253968253,79.68253968253961,True,True,1,True,True,True,True,True,R0_BASE|R1_CCI|R2_J|R3_EITHER|R4_BOTH
2026-09-04,2388,威盛,81.4000015258789,75.62006042589464,74.95763266380862,0.8837362367846602,1.9480738941705988,0.9129627892862979,0.4823376749940888,0.4617031409454872,0.3766126479151634,127.59570588566312,118.93512128158375,False,140.87427325352255,90.8742732535225,True,True,1,True,False,True,True,False,R0_BASE|R2_J|R3_EITHER
2026-09-04,2413,環科,45.79999923706055,43.57883113114103,43.36602017332616,0.4907320454224262,1.2906702657097924,0.5943155664536626,0.1127955783937809,0.1972591686038867,0.312719697158522,50.580422364831705,202.07466518402765,True,215.2921677357358,241.22505148981293,True,True,1,True,True,True,True,True,R0_BASE|R1_CCI|R2_J|R3_EITHER|R4_BOTH
2026-09-04,2421,建準,178.0,165.93768081715092,157.4302186681415,5.403957525424596,1.8509335300773477,1.3945450936354797,2.420912082730595,0.24824624413870833,0.9672959556768936,127.50095927204974,27.256460494543575,True,122.2222222222222,91.57088122605367,False,True,0,True,True,False,True,False,R0_BASE|R1_CCI|R3_EITHER
2026-09-04,2428,興勤,260.0,253.23654293921,251.9143167815562,0.5248713826774498,0.6721897486415385,0.3390080966239717,0.961300461588574,0.46928235542808966,1.2691718877719793,59.86590038314185,93.65285486460563,True,87.280701754386,115.35087719298242,True,True,1,True,True,True,True,True,R0_BASE|R1_CCI|R2_J|R3_EITHER|R4_BOTH
2026-09-04,2434,統懋,67.30000305175781,61.37313143812619,58.282149108340015,5.303480357322421,2.4740072340235786,1.6556772142746645,1.8835820876163725,0.08277576112155005,0.12588306809887273,146.77730967385426,-32.40912979370063,False,97.10690029987458,52.76600722725507,False,True,0,True,False,False,False,False,R0_BASE
2026-09-04,2477,美隆電,21.649999618530273,21.382205260726423,21.311511250251037,0.3317174912903065,0.3140876531934289,0.16746829299518762,0.0944753301227253,0.007349957300468196,6.673429236268846e-05,54.28806728771784,7.929674051921168,True,62.09149691258757,10.457584293615042,False,True,0,True,True,False,True,False,R0_BASE|R1_CCI|R3_EITHER
2026-09-04,2515,中工,12.149999618530272,12.035945001629358,12.027836954544174,0.06741068336582057,0.23746672706477234,0.10702664691066843,0.0359968584533533,0.005762485074626098,0.015428094479748494,125.63023495933042,100.06234100442202,True,88.09514402529642,89.52380848578203,True,True,1,True,True,True,True,True,R0_BASE|R1_CCI|R2_J|R3_EITHER|R4_BOTH
2026-09-04,2530,華建,20.149999618530273,19.549970129164205,19.51451282324484,0.18169711045581405,0.7732353624687383,0.343966761347958,0.0580496339013999,0.0493492223149279,0.0320525880483947,255.7350693876879,190.82170467969303,False,149.92487678680195,74.56268774692842,False,True,1,True,False,False,False,False,R0_BASE
2026-09-04,2545,皇翔,34.849998474121094,34.57702582486318,34.36318525397233,0.6222955448116574,0.19775592486646065,0.14934595430506903,0.0919328408150801,0.0005214064267694968,0.011941212290864492,66.99997896244659,23.983448647743856,False,103.47206658772356,14.832947783690514,False,True,1,True,False,False,False,False,R0_BASE
2026-09-04,2881,富邦金,150.5,143.46549908017911,138.12881723853585,3.86355428818832,1.2410302917372773,0.9517373694717612,1.3974128800778045,0.11575334166946094,0.1266712779663517,133.08701843513074,12.970642707782432,False,99.84613134415682,9.194968553459205,False,True,0,True,False,False,False,False,R0_BASE
2026-09-04,2924,宏太-KY,17.899999618530273,17.268322510227726,17.193570486332625,0.4347673099925453,0.9229430477106781,0.4343714654298614,0.1221639275181993,0.0399882187703368,0.0785833869746915,83.0526713958959,91.28939428478397,True,118.27956096107832,94.08595683546193,True,True,1,True,True,True,True,True,R0_BASE|R1_CCI|R2_J|R3_EITHER|R4_BOTH
2026-09-04,2939,永邑-KY,20.0,19.73568887407586,19.597951289983403,0.7028162385670056,0.33593842384567196,0.21641295134102734,0.0523112917779702,0.0097821076525757,0.0204954321386542,70.77827159713702,33.87766331237866,False,66.66666666666661,30.434690065676335,True,True,1,True,False,True,True,False,R0_BASE|R2_J|R3_EITHER
2026-09-04,3017,奇鋐,3570.0,3316.7957100957055,3129.2688466012346,5.992673454636144,1.9456332198656057,1.504852987295724,21.20710888706253,9.041259553469187,18.37007580826133,128.95055610615583,31.812654978662493,True,135.10828025477701,80.929789882129,False,True,1,True,True,False,True,False,R0_BASE|R1_CCI|R3_EITHER
2026-09-04,3021,鴻名,24.299999237060547,21.370797570021974,21.075772339891163,1.3998311680962772,3.5482254900710775,1.636699869473679,0.4928657744932185,0.20209038548918362,0.08935849248755584,387.3395062947365,227.38985602548053,False,140.0,-43.9716565333714,False,True,0,True,False,False,False,False,R0_BASE
2026-09-04,3023,信邦,340.0,324.45736611448183,319.16278640777347,1.6588963162966763,1.2121027460431755,0.6919882283783041,1.8751649140756168,0.9134589439859212,0.8652067606475936,219.84989648033076,-17.89293423197384,False,122.3771722806265,93.42539317222864,True,True,1,True,False,True,True,False,R0_BASE|R2_J|R3_EITHER
2026-09-04,3026,禾伸堂,701.0,684.4462809644752,670.4176684856367,2.092518311834901,0.6083172127952619,0.48249402662887686,4.8573751690142855,0.013233429924839335,5.919060578620651,45.54129647910506,60.501354576418116,True,79.51219512195127,101.95121951219515,True,True,1,True,True,True,True,True,R0_BASE|R1_CCI|R2_J|R3_EITHER|R4_BOTH
2026-09-04,3167,大量,803.0,759.9105683642368,731.7794713359259,3.8442041803871785,1.4379666874012376,1.0350791289977401,9.488097433773998,1.002822780457418,5.9353394495331955,82.52947481243288,38.01101797091191,True,115.68627450980392,106.37254901960785,True,True,1,True,True,True,True,True,R0_BASE|R1_CCI|R2_J|R3_EITHER|R4_BOTH
2026-09-04,3168,眾福科,42.75,42.14907199846357,42.12548761157097,0.05598602705816358,0.35770511850086173,0.15629704643027598,0.16383454583336,0.03530929752812478,0.0036213637148434785,170.98945689252923,21.46054356470904,False,108.90660221390658,28.16173706393387,False,True,1,True,False,False,False,False,R0_BASE
2026-09-04,3188,鑫龍騰,24.899999618530273,24.481652260146305,24.166277683424173,1.3050192539103778,0.42903785911745373,0.3206183215967773,0.0700598454185899,0.009893137736272296,0.041741824837533,104.41613701352846,41.288465791227864,True,137.66696495122568,88.69328132240975,True,True,0,True,True,True,True,True,R0_BASE|R1_CCI|R2_J|R3_EITHER|R4_BOTH
2026-09-04,3272,東碩,14.600000381469728,14.242427410732532,14.197480784865578,0.3165816988804693,0.6316189279477191,0.2993299448188491,0.1061841532851871,0.017759978889656594,0.025431091394081187,251.78401988892318,151.0088217923194,False,62.79015625854565,36.06604480046984,False,True,1,True,False,False,False,False,R0_BASE
2026-09-04,3306,鼎天,44.95000076293945,44.71084574628564,44.63108322847991,0.17871517345300347,0.1339022146194857,0.07527385397936293,0.1099353935068924,0.003474033694326792,0.0270403889829728,75.93869800639297,50.38055773810535,True,71.79511758066126,50.42760457320077,True,True,1,True,True,True,True,True,R0_BASE|R1_CCI|R2_J|R3_EITHER|R4_BOTH
2026-09-04,3324,雙鴻,1485.0,1284.7085802849565,1163.8745209092972,10.382052120296926,4.055678440239108,2.991197625317188,45.50477203422152,4.675540991389482,6.761098263555574,183.68647443046058,-1.4331584767831202,False,118.95424836601308,67.64705882352939,True,True,0,True,False,True,True,False,R0_BASE|R2_J|R3_EITHER
2026-09-04,3362,先進光,210.0,200.9810768173388,192.91090714997105,4.183366190432092,1.1345907781243225,0.9412550539522169,1.2463527506836662,0.14797601602417743,0.9353740129632391,94.17398244213905,5.480180899175409,True,107.96760710553812,67.68547544409614,True,True,0,True,True,True,True,True,R0_BASE|R1_CCI|R2_J|R3_EITHER|R4_BOTH
2026-09-04,3374,精材,430.0,390.93116615595426,362.0903103704843,7.965100130948133,2.5624690540201778,2.013960014080074,11.571875665410602,0.10207539651950093,1.865022661384037,131.04173465317814,2.952140504224559,True,118.18181818181822,58.974358974359006,True,True,0,True,True,True,True,True,R0_BASE|R1_CCI|R2_J|R3_EITHER|R4_BOTH
2026-09-04,3380,明泰,30.0,28.80872762888681,28.576633492756425,0.812181519524402,1.0445759101480823,0.5270660951110395,0.4185054818093076,0.04189272870304639,0.05443925457581861,160.4597162082365,-5.108081167351742,False,101.96081423291966,63.1663055448611,True,True,1,True,False,True,True,False,R0_BASE|R2_J|R3_EITHER
2026-09-04,3437,榮創,18.350000381469727,18.036774211394295,17.946731118268087,0.501724199982867,0.436042450629448,0.2370907517277976,0.1264682837899957,0.008261183783345394,0.06438813978876859,71.40217704410179,34.978011411731195,True,94.6666971842448,81.99996948242188,True,True,1,True,True,True,True,True,R0_BASE|R1_CCI|R2_J|R3_EITHER|R4_BOTH
2026-09-04,3483,力致,80.0,76.43109423523387,75.43218903157097,1.3242426296879994,1.1811488141763027,0.6415122599828793,1.2669100883539404,0.10108786628543909,0.04753373952684825,167.13465556543707,-68.10186295681879,False,72.8211250037381,44.06759285032601,True,True,0,True,False,True,True,False,R0_BASE|R2_J|R3_EITHER
2026-09-04,3491,昇達科,1505.0,1419.614552984222,1361.8810679571104,4.239245730445074,1.526628574391209,1.1185753412018329,18.175154221433942,1.913800561727907,7.24293677657986,118.91730890949025,40.60405589744185,True,116.42512077294685,82.12560386473427,True,True,1,True,True,True,True,True,R0_BASE|R1_CCI|R2_J|R3_EITHER|R4_BOTH
2026-09-04,3515,華擎,227.0,222.91878190183797,220.1362993053659,1.2639817264359143,0.45980690656370893,0.329284117570916,0.482920343097784,0.15186915850532845,0.5620553182839862,56.840077071290715,-5.62731990314812,False,85.09585652442796,84.32282003710576,True,True,1,True,False,True,True,False,R0_BASE|R2_J|R3_EITHER
2026-09-04,3516,亞帝歐,26.5,26.134608965999842,25.995498185822633,0.535134118926317,0.35075391584882265,0.2047053048389147,0.0528275055759194,0.0189704138467199,0.0206003404504917,132.6989067146947,118.78771793030813,False,73.82650185714594,12.388614870952182,False,True,1,True,False,False,False,False,R0_BASE
2026-09-04,3551,世禾,182.0,178.6225712902363,178.32353800155164,0.1676914287568998,0.4749497466012498,0.21749101982264651,1.235770190782164,0.1420688038221376,0.4697671432484942,88.45315904139404,44.31522800691151,True,117.70833333333337,108.33333333333334,True,True,1,True,True,True,True,True,R0_BASE|R1_CCI|R2_J|R3_EITHER|R4_BOTH
2026-09-04,3580,友威科,88.0999984741211,83.94697294268042,82.13465156500234,2.206524704428525,1.252288572228788,0.7704042699698155,1.325683006564609,0.09466938593582541,0.11494491178787802,158.45048084173368,-36.87273003835719,False,69.28125492795928,39.09874941721384,True,True,1,True,False,True,True,False,R0_BASE|R2_J|R3_EITHER
2026-09-04,3591,艾笛森,24.899999618530273,22.734195966925935,22.096143343188945,2.8876198611992976,2.439765389919124,1.3538037613367804,0.3889736965163503,0.11608683243533097,0.13281889335965086,188.89112991606385,35.008951562962835,False,135.16996141640746,92.82152907375522,True,True,0,True,False,True,True,False,R0_BASE|R2_J|R3_EITHER
2026-09-04,3624,光頡,93.1999969482422,89.17599518090151,88.49205314977468,0.7728852555485943,1.1409782259967027,0.563173698255981,1.1701282681447218,0.2008594040781414,0.6832342784144574,71.08266947047564,98.39065386215486,True,116.58686059842518,134.74206396588934,True,True,1,True,True,True,True,True,R0_BASE|R1_CCI|R2_J|R3_EITHER|R4_BOTH
2026-09-04,3628,盈正,69.30000305175781,68.53727739115533,68.16647649228092,0.5439637164118327,0.27899182457831184,0.17534690482008397,0.1956820737695328,0.023152122254703617,0.05313208991848031,47.820082797835646,17.545148218957213,True,84.77735245788107,44.3010893207903,True,True,1,True,True,True,True,True,R0_BASE|R1_CCI|R2_J|R3_EITHER|R4_BOTH
2026-09-04,3630,新鉅科,28.399999618530273,26.841588175434378,26.451084836665427,1.4763225825341175,1.4728681274370992,0.7816407275116788,0.3118032063631477,0.08339318044123897,0.07141675913548676,264.9960563412114,149.31050415457247,True,117.70826169003848,42.024054673073024,True,True,0,True,True,True,True,True,R0_BASE|R1_CCI|R2_J|R3_EITHER|R4_BOTH
2026-09-04,3661,世芯-KY,4220.0,4073.350493370245,3950.845064014307,3.100739901743066,0.9082291125154907,0.722294579369831,37.14325042650793,0.7284557435392855,12.845205957639415,84.04177799368472,28.36377128549097,True,116.04153017867674,88.21551947973788,True,True,1,True,True,True,True,True,R0_BASE|R1_CCI|R2_J|R3_EITHER|R4_BOTH
2026-09-04,3675,德微,282.0,276.39576181367414,275.0417182580401,0.49230479078221645,0.5094860137417223,0.26701639220076956,2.571649938390439,0.11659792171770444,0.2985043002853711,17.543859649122513,-47.483896100282024,False,79.02621722846443,28.46441947565542,False,True,1,True,False,False,False,False,R0_BASE
2026-09-04,3684,榮昌,54.29999923706055,53.95217314856168,53.489561671126474,0.8648630928768997,0.16143353275226424,0.1597423679711163,0.0174137555949254,0.0025158466270850006,0.010597973684669401,95.23804333744172,19.808344467762993,False,106.666628519694,-6.666501363118499,False,True,1,True,False,False,False,False,R0_BASE
2026-09-04,3701,大眾控,41.95000076293945,41.343082149014506,41.01537415323256,0.7989881905200669,0.3683531719374633,0.24044227742057167,0.2165791862324367,0.009163840979173388,0.1317289323894347,62.90206861807076,23.3932701242559,True,55.8753009448189,70.0813146713387,True,True,1,True,True,True,True,True,R0_BASE|R1_CCI|R2_J|R3_EITHER|R4_BOTH
2026-09-04,3714,富采,66.80000305175781,62.27889133873231,60.22548839473996,3.4095247688712638,1.8484113787979206,1.1624630486825716,0.6889090712212504,0.21215948706948395,0.35898612401510055,153.53145432575695,28.438611222371478,False,125.15015606755813,110.84938466684011,True,True,1,True,False,True,True,False,R0_BASE|R2_J|R3_EITHER
2026-09-04,4166,友霖,25.200000762939453,24.73542518775332,24.677390488016336,0.23517356815003776,0.4717598877471696,0.2234211736991787,0.1370441240868514,0.02196384518571401,0.026248796313754014,169.6576661893545,91.54878087966739,False,97.2359409618181,31.38230057964148,True,True,1,True,False,True,True,False,R0_BASE|R2_J|R3_EITHER
2026-09-04,4198,欣大健康,48.5,44.990091208715846,43.454825148425925,3.533016310722714,1.9891752449862299,1.237242752880574,0.6792180267204914,0.13977024704749397,0.03727392701460275,232.27561654799592,-42.45609327123941,False,88.29266307799796,58.09554877110102,True,True,0,True,False,True,True,False,R0_BASE|R2_J|R3_EITHER
2026-09-04,4419,皇家美食,48.349998474121094,46.572823523356526,46.36292408215069,0.45273124023392786,0.9631647480540684,0.45319326728308074,0.1217705373539917,0.1467837093008563,0.0774699032762292,284.65797042280474,272.5220577412191,False,168.78821768807273,75.0241261972379,False,True,1,True,False,False,False,False,R0_BASE
2026-09-04,4420,光明,38.54999923706055,37.64119035161003,37.01547775542771,1.6904079972075214,0.6072654446023895,0.43829380735291856,0.2113898638018871,0.016057130680983384,0.01540613199967758,209.2639746065406,-6.533617780919286,False,98.30254198201942,48.7614357856759,True,True,0,True,False,True,True,False,R0_BASE|R2_J|R3_EITHER
2026-09-04,4440,宜新實業,17.75,17.597594323667654,17.573270166824194,0.13841565407319845,0.21698473463969137,0.10597261859894846,0.0058161742089678,0.0128898924049472,0.013024889738132102,72.49051477909575,102.76543756237447,False,155.55597941188518,115.10045357395467,False,True,1,True,False,False,False,False,R0_BASE
2026-09-04,4569,六方科-KY,180.0,171.44223608390712,167.60944857938347,2.2867371362470523,1.263677293512977,0.7842621441630726,1.8078946097663997,0.32000109220974515,0.4357236200333978,178.56739988719673,16.848649887196416,True,99.51172940534644,64.34731934731931,True,True,0,True,True,True,True,True,R0_BASE|R1_CCI|R2_J|R3_EITHER|R4_BOTH
2026-09-04,4576,大銀微系統,238.0,225.47471710522422,218.16505032660493,3.3505214367179015,1.4083263882147312,0.9662703039650555,3.115333405516503,0.2686464381543714,0.27825142751778253,101.03207810320767,-34.81367123947423,False,80.48780487804876,40.00349680916162,True,True,1,True,False,True,True,False,R0_BASE|R2_J|R3_EITHER
2026-09-04,4590,富田-創,89.5999984741211,88.69823829195315,87.76848711849276,1.0593223194165002,0.25481283514297015,0.22014174803020037,0.106663361571442,0.007105508422503307,0.02454337698952931,42.08186981829051,-3.6309718348428035,False,109.8038241918863,75.5990612565746,True,True,1,True,False,True,True,False,R0_BASE|R2_J|R3_EITHER
2026-09-04,4737,華廣,58.599998474121094,57.65914113519419,57.254406523747065,0.70690560957829,0.40961032767588,0.2480028016064173,0.1312220792953097,0.047176430597485816,0.053426702619625316,177.002498933167,115.40825184865557,False,131.99130738563323,47.93334838970446,False,True,1,True,False,False,False,False,R0_BASE
2026-09-04,4763,材料*-KY,50.29999923706055,48.93796849389418,48.821900629856735,0.23773729113378828,0.7006697060493838,0.31970643122316567,0.1613324137727126,0.10139829982168519,0.05861745061049739,30.038304615305204,-0.12110394664633262,False,70.99563917006364,38.24358575290452,True,True,0,True,False,True,True,False,R0_BASE|R2_J|R3_EITHER
2026-09-04,4767,誠泰科技,29.5,28.790382030075182,28.18482607158195,2.1485176348269297,0.6200140906276408,0.49360854328273085,0.148498325906309,0.0065277943570995756,0.054431562593417776,98.58413310988819,21.294061099378155,True,98.97437462439908,56.20378870344713,True,True,0,True,True,True,True,True,R0_BASE|R1_CCI|R2_J|R3_EITHER|R4_BOTH
2026-09-04,4938,和碩,95.4000015258789,91.3279786010358,90.12626120898398,1.3333709575118036,1.1272351201767616,0.619765046671783,0.1990062159743271,0.2950463215333258,0.325296289133805,137.65258147682474,100.02946777591174,True,172.69178785247345,125.17476586776682,True,True,1,True,True,True,True,True,R0_BASE|R1_CCI|R2_J|R3_EITHER|R4_BOTH
2026-09-04,4956,光鋐,37.650001525878906,35.75388829896799,34.28033496374934,4.2985383216847195,1.3436229815877665,1.0455272598098864,0.4336660144098508,0.026652919775081385,0.22863126260761196,79.33454270488244,20.20905437130707,True,118.34135849597973,72.5678518816772,True,True,0,True,True,True,True,True,R0_BASE|R1_CCI|R2_J|R3_EITHER|R4_BOTH
2026-09-04,4974,亞泰,71.9000015258789,70.05902591698172,69.48744280418104,0.8225703662911199,0.6612815467470723,0.36680738236198884,0.3201555846623075,0.09802424717047009,0.0857263995570503,235.5243464501091,49.23835454556712,True,113.14804112473641,61.63054323201399,True,True,1,True,True,True,True,True,R0_BASE|R1_CCI|R2_J|R3_EITHER|R4_BOTH
2026-09-04,4977,眾達-KY,185.0,170.89746897144218,161.18528391295007,6.025478767489267,2.1064671553374437,1.5798061280394515,3.1603172035579714,0.27388889602647204,0.7960764126252773,128.90297722654438,3.840396140674457,True,118.36742039157969,69.74193872410163,True,True,1,True,True,True,True,True,R0_BASE|R1_CCI|R2_J|R3_EITHER|R4_BOTH
2026-09-04,4979,華星光,629.0,598.7240650323902,567.2885800268598,5.541356923497731,1.2803719330940266,1.158349533974623,0.7251815744105983,0.7701574521748,4.820786881354472,95.19691564875889,39.610497454391634,True,110.27253668763097,95.38784067085953,True,True,1,True,True,True,True,True,R0_BASE|R1_CCI|R2_J|R3_EITHER|R4_BOTH
2026-09-04,5210,寶碩,28.950000762939453,28.89199261737631,28.890854649835596,0.003938850388829351,0.05021917105336726,0.021554393853784326,0.0203606032444259,0.0031915887371422,0.0279372298998651,-13.75399530449845,-11.330425669499228,False,53.528610630949274,38.438662741919394,True,True,1,True,False,True,True,False,R0_BASE|R2_J|R3_EITHER
2026-09-04,5263,智崴,103.0,97.7926809235368,95.46396361961943,2.439367920230362,1.3491743036160075,0.8379224148843623,1.39079701580454,0.15153041643529197,0.28609201079630275,141.94939464979495,25.84600752107923,True,95.18923217547356,27.951142336619654,False,True,0,True,True,False,True,False,R0_BASE|R1_CCI|R3_EITHER
2026-09-04,5403,中菲,93.8000030517578,93.30185760784751,93.05149630651904,0.26905671726520364,0.13365522780766081,0.08474549896964056,0.1716523040452688,0.006267758304530996,0.034091251194613786,100.62892282921447,14.746465522803959,True,97.9611341634114,50.59253699378132,False,True,1,True,True,False,True,False,R0_BASE|R1_CCI|R3_EITHER
2026-09-04,5434,崇越,538.0,530.6736357587686,527.5675374802915,0.5887584162801218,0.3463399097460629,0.2085883783170983,0.794986989450722,0.3858191218099125,0.8209328203027275,78.87672930002013,31.779386396104528,True,67.75956284153003,56.28415300546449,True,True,1,True,True,True,True,True,R0_BASE|R1_CCI|R2_J|R3_EITHER|R4_BOTH
2026-09-04,5864,致和證,37.150001525878906,35.70479343845586,34.677313054010284,2.9629757727920314,1.0222589998170495,0.7562622242766048,0.475424537556807,0.003777383139232926,0.0418543190498194,139.90181319536092,14.149487719443314,False,121.69575404544244,43.967632495186166,False,True,1,True,False,False,False,False,R0_BASE
2026-09-04,6015,宏遠證,16.799999237060547,16.32131108803346,16.135932828461186,1.1488536891111512,0.7386415465849838,0.435090202306343,0.1379397132770735,0.014974182227903601,0.0226155356441457,127.01151171138675,13.321000928927319,False,135.48377636114432,68.8171712218454,False,True,1,True,False,False,False,False,R0_BASE
2026-09-04,6016,康和證,22.399999618530273,21.096809225269883,20.69174940061242,1.9575910031341959,1.5685206101965,0.8766399892979893,0.3808635416811737,0.0461695352640753,0.05101820560523379,159.5107594906051,23.599423743517093,False,135.02826539079084,46.8927251371243,False,True,0,True,False,False,False,False,R0_BASE
2026-09-04,6021,美好證,40.25,39.089591719455605,38.13211826033189,2.5109369812265303,0.7476955824886389,0.5880762926582905,0.2466931612813366,0.013855232892284186,0.05488303762701788,99.08611281188983,20.065315389984107,False,119.77151052477174,24.590865525577527,False,True,1,True,False,False,False,False,R0_BASE
2026-09-04,6024,群益期,63.400001525878906,62.75532845677929,62.035745007834,1.1599497174643592,0.2574813158080058,0.23202615300144114,0.0528659473756055,0.004908492109784904,0.0222634764345616,113.481459981035,8.12305636649721,False,103.96405524920843,25.585651792474863,False,True,1,True,False,False,False,False,R0_BASE
2026-09-04,6112,邁達特,45.900001525878906,45.32092113184743,44.86342511191766,1.0197527691844455,0.3204569118804068,0.24380512699588852,0.0052448363268676,0.026275749396500098,0.0750313647353707,26.609184044522056,15.0577739761387,True,101.4398485426253,67.46283834275194,True,True,1,True,True,True,True,True,R0_BASE|R1_CCI|R2_J|R3_EITHER|R4_BOTH
2026-09-04,6134,萬旭,29.299999237060547,28.743283136484074,28.37787702829897,1.2876442724052861,0.48657012505048947,0.343220333500982,0.1883392759922198,0.0045700673231616196,0.05316564836825943,130.4798409088217,47.59267069370091,True,87.94283213462012,56.36222355213556,True,True,1,True,True,True,True,True,R0_BASE|R1_CCI|R2_J|R3_EITHER|R4_BOTH
2026-09-04,6168,宏齊,29.049999237060547,27.91284754084711,26.9636245375315,3.5203835522719107,1.0289639706029474,0.8211873277618631,0.2505687288483833,0.012130125455086016,0.11187004412686763,92.28731024777255,15.518406801495388,False,104.19578485710935,50.58271949160131,False,True,1,True,False,False,False,False,R0_BASE
2026-09-04,6170,統振,48.45000076293945,48.15079786145814,47.90176213645634,0.5198884422923156,0.15558850533790025,0.12061965012841736,0.0973591556883019,2.4142082397204945e-05,0.03677973163363592,62.73872491109334,13.958331587264254,False,76.15381504910624,44.18094419884636,True,True,1,True,False,True,True,False,R0_BASE|R2_J|R3_EITHER
2026-09-04,6197,佳必琪,315.0,307.51388591540893,306.067122121415,0.472694938275664,0.6123262943995789,0.3081679077223898,1.8948658311910425,0.37085197335801756,1.3138778036412035,54.235588972430996,47.529474574008276,True,86.19528619528622,113.88552188552191,True,True,1,True,True,True,True,True,R0_BASE|R1_CCI|R2_J|R3_EITHER|R4_BOTH
2026-09-04,6204,艾華,91.5999984741211,87.87442424945259,85.36498782985886,2.9396553357393884,1.0712687937609155,0.7747930675747083,1.1185837469740556,0.03927368846098678,0.19425053507498347,120.34914793375688,20.169666643249485,True,98.53477872656157,45.23808326102176,True,True,1,True,True,True,True,True,R0_BASE|R1_CCI|R2_J|R3_EITHER|R4_BOTH
2026-09-04,6224,聚鼎,84.80000305175781,79.0045616612491,73.74934207024837,7.125785049031319,1.8681545303397495,1.6025481983322987,1.2593448006029957,0.031201016581265728,0.3554479492509228,109.21453147292176,-3.462112674961503,False,70.9750858760971,51.50901880788123,True,True,0,True,False,True,True,False,R0_BASE|R2_J|R3_EITHER
2026-09-04,6271,同欣電,237.0,217.95999951800442,209.16506622088343,4.204781159695825,2.232645466205674,1.4207055007855018,4.3445358531952,0.6583152278445032,1.4688842065761971,180.01358198819443,62.69840092542805,True,142.14559386973187,117.62452107279694,True,True,1,True,True,True,True,True,R0_BASE|R1_CCI|R2_J|R3_EITHER|R4_BOTH
2026-09-04,6275,元山,48.150001525878906,45.94208184123326,45.27415089534185,1.475303087263713,1.2160799333154282,0.6731409708551794,0.3528726424251702,0.12485094497911178,0.22161406431344688,183.76563657236323,121.7680262166893,True,125.39579178820182,107.9161453577175,True,True,1,True,True,True,True,True,R0_BASE|R1_CCI|R2_J|R3_EITHER|R4_BOTH
2026-09-04,6276,安鈦克,20.700000762939453,20.268394206599552,20.156257444223424,0.5563372202723293,0.5352133075301913,0.2847707753650841,0.1827284726994388,0.009896255760991984,0.024492190998692792,87.7624597361823,4.24249202785866,True,87.4317992409793,28.415457740856525,True,True,1,True,True,True,True,True,R0_BASE|R1_CCI|R2_J|R3_EITHER|R4_BOTH
2026-09-04,6290,良維,270.0,250.26011672510057,240.90870007612992,3.881726415864395,2.0116041510918947,1.2874869456838356,5.67511685333191,0.502566929112338,1.7779473846046434,125.73591253153907,32.87612710793576,True,135.41666666666666,96.61458333333334,True,True,0,True,True,True,True,True,R0_BASE|R1_CCI|R2_J|R3_EITHER|R4_BOTH
2026-09-04,6423,億而得,85.4000015258789,82.96590994124756,80.90074148210242,2.552718827184064,0.7388807707372713,0.5888638448271255,0.5499402663605892,0.0202700222209673,0.01637163260668184,188.10965560328663,-47.868505242229986,False,70.88207389786345,35.49473565711847,True,True,1,True,False,True,True,False,R0_BASE|R2_J|R3_EITHER
2026-09-04,6462,神盾,101.5,100.20127405407261,100.08016311041582,0.12101393512236047,0.3250826626490344,0.14956015001246215,0.430351917740472,0.065887105113069,0.2692492861461474,71.49872352408995,124.52188463651697,True,119.76187569754482,126.42844063895151,True,True,1,True,True,True,True,True,R0_BASE|R1_CCI|R2_J|R3_EITHER|R4_BOTH
2026-09-04,6494,九齊,56.0,54.95742670747566,54.49802517099038,0.8429691443752052,0.47652404219018507,0.29095112053743044,0.2500470274925884,0.038887763543750786,0.061461381335300075,95.23796865116326,-22.480294729573814,False,85.71427273912133,41.66667801993539,True,True,1,True,False,True,True,False,R0_BASE|R2_J|R3_EITHER
2026-09-04,6505,台塑化,78.0999984741211,75.25562442114025,73.52472386379164,2.3541748494767534,0.9539177516910247,0.6593473554064477,0.562649174396018,0.07059649244038974,0.06383925364084253,139.6396164189375,-36.65236122619427,False,85.4341627146622,47.114797820238294,True,True,1,True,False,True,True,False,R0_BASE|R2_J|R3_EITHER
2026-09-04,6548,長科*,75.19999694824219,73.01442275506349,72.74554889629935,0.3696086741299176,0.7539787603933368,0.35642569024212367,0.3681004659307845,0.1493699485141836,0.2969955330638874,50.9963524524272,76.29066547300106,True,121.14688724651731,108.60205085882683,True,True,1,True,True,True,True,True,R0_BASE|R1_CCI|R2_J|R3_EITHER|R4_BOTH
2026-09-04,6620,漢達,107.5,91.5040868273541,86.55672647521708,5.71574336692775,4.569994095371999,2.613513170006332,3.4113068200109087,0.7388552784208993,0.31703927441865787,211.16375628844162,13.293139993867555,False,128.2422594919309,19.802264186420388,False,True,0,True,False,False,False,False,R0_BASE
2026-09-04,6640,均華,1250.0,1136.9947212973855,1071.6938813333977,6.093236240440292,2.5480485055722646,1.7825646080172008,25.04708643791499,3.027303219405649,2.584759532846828,179.11836085813096,7.980467322761058,True,111.35337375822485,23.258135662986717,True,True,1,True,True,True,True,True,R0_BASE|R1_CCI|R2_J|R3_EITHER|R4_BOTH
2026-09-04,6642,富致,83.30000305175781,80.99491685806473,80.33684560274096,0.8191400227211654,0.7165894752447333,0.38976765577021233,0.1721914500030113,0.16109520386222112,0.20209736787657112,33.94633882091439,46.536951372240054,False,117.10603544541785,63.357480533391936,False,True,1,True,False,False,False,False,R0_BASE
2026-09-04,6671,三能-KY,23.200000762939453,23.042255227166255,23.039421264120257,0.012300495804606904,0.17144152728447715,0.07341987971141162,0.0797915098838108,0.005001112251394296,0.0036965302149236934,35.35353815588385,-39.6211925699069,False,98.71816315371966,12.82056925097885,False,True,1,True,False,False,False,False,R0_BASE
2026-09-04,6693,廣閎科,181.5,176.22630297895432,175.72299646322526,0.2864204036233886,0.7537820851079013,0.34726095112496136,2.0441035868479207,0.19153776730424465,0.09133449912502023,55.56271200996193,13.715859260213037,False,97.6344086021506,13.777777777777786,False,True,1,True,False,False,False,False,R0_BASE
2026-09-04,6706,惠特,127.0,123.4340026206086,121.13982040439328,1.89382996322498,0.7275021490638967,0.5118203312993508,1.2008005856676918,0.036667752153338506,0.543980864896553,73.93244104525186,-26.28447869444453,False,67.19576719576717,86.04938271604941,True,True,1,True,False,True,True,False,R0_BASE|R2_J|R3_EITHER
2026-09-04,6781,AES-KY,1115.0,1102.839704688546,1091.4396363448266,1.0444982905236655,0.27642069905811084,0.22774382850365704,1.27665851929423,0.2801086135320251,5.198558103885109,-10.119047619047759,37.958561340221664,True,84.44444444444441,127.77777777777779,True,True,1,True,True,True,True,True,R0_BASE|R1_CCI|R2_J|R3_EITHER|R4_BOTH
2026-09-04,6792,詠業,60.099998474121094,59.41121956438613,58.789378077565104,1.0577446252290512,0.29067785620660036,0.23522030048528375,0.1369389493695328,0.008969249562111009,0.06976342465087343,101.76401339118618,38.39397197831401,False,119.99991280691961,67.61885143461677,False,True,1,True,False,False,False,False,R0_BASE
2026-09-04,6859,伯特光,115.0,111.24578510534613,109.12503008197702,1.9434175841930745,0.8508542113761397,0.5699356689814916,0.8589427698546391,0.10812814470854715,0.16908908450541127,131.75070840154953,32.863240782040776,True,121.7391304347826,54.49275362318838,True,True,0,True,True,True,True,True,R0_BASE|R1_CCI|R2_J|R3_EITHER|R4_BOTH
2026-09-04,6872,浩宇生醫,18.549999237060547,15.908882698280372,15.584541817044824,2.0811704639325024,4.330095749041796,2.0439069801490017,0.3245389810046581,0.19480124902156412,0.04504846434114512,348.52717178358216,124.58406956032294,False,120.28987550404796,-60.86957122668079,False,True,0,True,False,False,False,False,R0_BASE
2026-09-04,6887,寶綠特-KY,38.04999923706055,37.56235345914862,37.2870877662777,0.7382332849278361,0.32561433016793373,0.21583826338147372,0.0318997958109456,0.025012424101795196,0.07221062454229898,66.8397567592418,47.17632859591831,True,57.95269067612925,35.57685180349179,True,True,0,True,True,True,True,True,R0_BASE|R1_CCI|R2_J|R3_EITHER|R4_BOTH
2026-09-04,6924,榮惠-KY創,123.0,115.71987614416933,114.44191352639848,1.1166910604619273,1.597922245704586,0.7934144611218219,0.6358208909801784,0.5586327947816494,0.6264519571672076,171.18997912317315,168.7788881044868,False,179.01234567901236,143.20987654320987,True,True,1,True,False,True,True,False,R0_BASE|R2_J|R3_EITHER
2026-09-04,7584,樂意,27.0,26.425614405620113,26.39082135100815,0.13183771035090164,0.5463674766396975,0.24357050041778905,0.1036818445516876,0.0407660618176173,0.024106970946417304,98.18947370676452,81.13358179881027,True,98.56713244637277,33.11869086130618,True,True,1,True,True,True,True,True,R0_BASE|R1_CCI|R2_J|R3_EITHER|R4_BOTH
2026-09-04,7709,榮田,77.30000305175781,72.41707512306805,71.92549375074086,0.6834591557073999,1.7145992733877513,0.792796743472568,0.8445417727990125,0.33924985223440074,0.48732853835307965,210.2828010883425,174.11464478825332,True,175.62726454848496,191.39776477955436,True,True,1,True,True,True,True,True,R0_BASE|R1_CCI|R2_J|R3_EITHER|R4_BOTH
2026-09-04,7711,永擎,632.0,556.2969787225343,500.6772847664297,11.108891025893385,3.521914552757366,2.8393416140595873,10.175487606250885,2.147092849741016,3.166495328914161,190.6658727388456,5.4037493945671145,True,124.34456928838952,81.7633972571879,True,True,1,True,True,True,True,True,R0_BASE|R1_CCI|R2_J|R3_EITHER|R4_BOTH
2026-09-04,7717,萊德光電-KY,449.5,424.88592803901145,421.7732400279982,0.7380003555480741,1.4695585635538855,0.6968064998958523,4.724862930459649,1.607175968740667,3.0075831810978526,87.95940990875732,112.53348893828206,True,141.16465863453817,130.32128514056228,True,True,1,True,True,True,True,True,R0_BASE|R1_CCI|R2_J|R3_EITHER|R4_BOTH
2026-09-04,7744,崴寶,545.0,516.1180471062481,496.22847433726974,4.008148221550889,1.4188490585981928,1.0453880979129249,3.784224179037242,0.9514849335204083,1.404300064778596,198.96564607791043,16.52570421247478,False,118.09523809523807,56.3077984817115,True,True,1,True,False,True,True,False,R0_BASE|R2_J|R3_EITHER
2026-09-04,7772,耀穎,109.0,95.05734446157025,93.42602063025691,1.7461129354630955,3.80648674638866,1.7860616671407703,2.76984359395086,0.8907262558481168,0.33887180521501836,401.5151422214247,195.69818870082122,False,137.33334011501736,-35.111117892795136,False,True,0,True,False,False,False,False,R0_BASE
2026-09-04,7788,松川精密,335.0,308.16663477707476,285.14366569693976,8.074164657967398,2.2252966499888283,1.874997183874183,5.502193730827631,0.24405020410257805,1.2094038320757061,132.67489711934167,19.11971757431442,True,113.72549019607837,49.34640522875816,True,True,1,True,True,True,True,True,R0_BASE|R1_CCI|R2_J|R3_EITHER|R4_BOTH
2026-09-04,7811,民盛,73.69999694824219,72.80285837152942,72.47376589765604,0.45408496412082666,0.30902321809291866,0.17841938997273932,0.2968193599541749,0.02556904537564253,0.027242685569228542,132.10635892462184,23.026616109200845,False,100.0,9.688127087770226e-05,True,True,0,True,False,True,True,False,R0_BASE|R2_J|R3_EITHER
2026-09-04,7828,創新服務,1930.0,1763.5299565230052,1720.7650763266995,2.485224786616169,2.4169353659238,1.2965329775020074,32.28407171208623,8.906428109436995,10.779311217939043,142.83849066457753,67.1492676069333,False,149.24242424242425,95.83333333333334,True,True,1,True,False,True,True,False,R0_BASE|R2_J|R3_EITHER
2026-09-04,8064,東捷,112.0,104.24315293358137,103.69437560622296,0.5292257406924072,1.8955396483108622,0.8502970308989832,1.7839183153666855,0.48728920657116426,0.6672057250926606,161.11337759599883,62.61635229237487,False,127.27272727272734,120.92092092092092,True,True,1,True,False,True,True,False,R0_BASE|R2_J|R3_EITHER
2026-09-04,8070,長華*,50.5,50.2029401452861,49.885741490093515,0.6358503366248991,0.14814866622632206,0.12978198588411427,0.0448823282200456,0.004106644306381399,0.123074007097307,-0.4259100291976121,13.339275425103837,True,52.23881900022678,56.21885731800242,True,True,1,True,True,True,True,True,R0_BASE|R1_CCI|R2_J|R3_EITHER|R4_BOTH
2026-09-04,8147,正淩,135.0,127.53143920555156,125.99994834771232,1.2154694330611227,1.485815950406888,0.7575804512641504,1.6877646089827356,0.4010662822892457,0.5457899770112722,173.12925170068053,102.27124963320536,False,152.09326974032868,106.99523052464232,False,True,1,True,False,False,False,False,R0_BASE
2026-09-04,8240,華宏,51.5,47.64483389100795,45.64335618997741,4.385036220167415,2.0646315472943266,1.3691577010475076,1.060596431697428,0.09116899144066948,0.23929929268669525,151.55584922660697,-3.881623017755487,False,120.53513896476986,100.87722439001914,True,True,0,True,False,True,True,False,R0_BASE|R2_J|R3_EITHER
2026-09-04,8432,東生華,50.900001525878906,50.56356787512092,50.49425484917397,0.13726913319938028,0.16661908345532161,0.08465583516292785,0.0312910713885095,0.024730424560789797,0.045597358827922,166.1274454915857,171.0781514088674,True,81.38164778264294,50.517502579498995,True,True,1,True,True,True,True,True,R0_BASE|R1_CCI|R2_J|R3_EITHER|R4_BOTH
2026-09-04,8481,政伸,41.0,40.89673137865137,40.85538230117726,0.1012083968993105,0.0631675503907081,0.03727437868656924,0.0210247707679191,0.005003899222146901,0.0364828456294644,21.18376863676016,65.39470298085105,True,106.1730348635467,97.2844511504391,True,True,1,True,True,True,True,True,R0_BASE|R1_CCI|R2_J|R3_EITHER|R4_BOTH
2026-09-04,8488,吉源-KY,10.399999618530272,9.997507999337703,9.98669917539426,0.10823219718156807,1.016712873161052,0.43753858560826586,0.0330157683551133,0.0349557709049541,0.0442678421401446,214.8496532514235,312.98818308165687,True,142.52807796033147,157.700923187623,True,True,0,True,True,True,True,True,R0_BASE|R1_CCI|R2_J|R3_EITHER|R4_BOTH
2026-09-04,8996,高力,1300.0,1223.530954827487,1188.1518871423352,2.977655303838578,1.5872670159559954,1.0008246962174727,8.664019991473104,4.027168956566037,8.582197959831795,84.20732634138926,27.670567717343992,True,141.66666666666654,106.784188034188,True,True,1,True,True,True,True,True,R0_BASE|R1_CCI|R2_J|R3_EITHER|R4_BOTH
2026-09-04,9105,泰金寶-DR,8.649999618530273,8.523184186901311,8.467051079848588,0.6629593529478006,0.37336078844800724,0.22796179003463646,0.0356035396674523,0.0036261944091800016,0.0065046625797435045,71.8119034954567,-16.138951443262698,False,76.76758726559653,42.29790055840597,False,True,1,True,False,False,False,False,R0_BASE
